

INSERT INTO Departments (Dept_ID, Dept_Name, Manager_ID)
VALUES 
(1, 'Grocery', NULL),
(2, 'Clothes', NULL),
(3, 'Electronics', NULL),
(4, 'Household', NULL),
(5, 'Health and Beauty', NULL),
(6, 'Furniture', NULL),
(7, 'Toys', NULL),
(8, 'Tools', NULL),
(9, 'Books', NULL);


delete from Departments ..


INSERT INTO Products (Pro_ID, Pro_Name, Pro_UnitPrice, Pro_Brand, Dept_ID) VALUES
(1, 'Full Cream Milk 1L', 35.00, 'Juhayna', 1),
(2, 'Plain Yogurt Cup', 7.50, 'Labanita', 1),
(3, 'White Cheese 500g', 40.00, 'Domty', 1),
(4, 'Processed Cheese Squares', 28.00, 'Panda', 1),
(5, 'Vegetable Oil 1L', 52.00, 'Crystal', 1),
(6, 'Tea Bags 100pcs', 75.00, 'El Arosa', 1),
(7, 'Sugar 1kg', 28.00, 'Delta Sugar', 1),
(8, 'Macaroni 400g', 15.00, 'Regina', 1),
(9, 'Rice 1kg', 32.00, 'El Doaa', 1),
(10, 'Molokhia Frozen 400g', 22.00, 'Montana', 1),
(11, 'Frozen Peas & Carrots 400g', 25.00, 'Montana', 1),
(12, 'Butter Ghee 700g', 105.00, 'Seclam', 1),
(13, 'Halawa Plain 500g', 45.00, 'El Rashidi El Mizan', 1),
(14, 'Instant Coffee 100g', 90.00, 'Nescafe', 1),
(15, 'Fava Beans Can 400g', 18.00, 'California Garden', 1),
(16, 'Tomato Paste 300g', 14.00, 'Heinz', 1),
(17, 'Corn Oil 900ml', 58.00, 'Ganna', 1),
(18, 'UHT Milk 1L', 33.00, 'Lamar', 1),
(19, 'Orange Juice 1L', 36.00, 'Juhayna', 1),
(20, 'Bottled Water 1.5L', 7.00, 'Baraka', 1),
(21, 'Men Cotton T-Shirt', 180.00, 'Concrete', 2),
(22, 'Women Casual Blouse', 220.00, 'Dalydress', 2),
(23, 'Men Jeans Pants', 350.00, 'Jack & Jones', 2),
(24, 'Women Skinny Jeans', 370.00, 'LC Waikiki', 2),
(25, 'Men Polo Shirt', 250.00, 'Mobaco Cottons', 2),
(26, 'Women Maxi Dress', 420.00, 'Kashka', 2),
(27, 'Boys Cotton Shorts', 120.00, 'Max', 2),
(28, 'Girls Summer Dress', 160.00, 'Max', 2),
(29, 'Men Formal Shirt', 300.00, 'Concrete', 2),
(30, 'Women Cotton Pajamas', 200.00, 'Cottonil', 2),
(31, 'Men Underwear Pack of 3', 150.00, 'Cottonil', 2),
(32, 'Women Hijab Scarf', 100.00, 'Veil', 2),
(33, 'Men Cotton Socks 3 Pairs', 80.00, 'Cottonil', 2),
(34, 'Women Leggings', 180.00, 'H&M', 2),
(35, 'Boys School Uniform Shirt', 140.00, 'Concrete Kids', 2),
(36, 'Girls Tights Pack', 90.00, 'LC Waikiki', 2),
(37, 'Men Hoodie Sweatshirt', 400.00, 'Adidas', 2),
(38, 'Women Sports Bra', 220.00, 'Nike', 2),
(39, 'Kids Winter Jacket', 500.00, 'LC Waikiki', 2),
(40, 'Men Cotton Shorts', 160.00, 'Dalydress', 2),
(41, 'Samsung 43" Smart TV', 8999.00, 'Samsung', 3),
(42, 'Tornado 32" LED TV', 5499.00, 'Tornado', 3),
(43, 'LG Front Load Washing Machine', 13499.00, 'LG', 3),
(44, 'Unionaire Top Load Washer', 8999.00, 'Unionaire', 3),
(45, 'Huawei MatePad T10', 4199.00, 'Huawei', 3),
(46, 'Samsung Galaxy Tab A8', 6199.00, 'Samsung', 3),
(47, 'LG Microwave Oven 25L', 3499.00, 'LG', 3),
(48, 'Tornado Air Conditioner 1.5HP', 10499.00, 'Tornado', 3),
(49, 'Unionaire Deep Freezer 220L', 8799.00, 'Unionaire', 3),
(50, 'Huawei Nova Y91 Smartphone', 8299.00, 'Huawei', 3),
(51, 'Samsung Galaxy A15', 6499.00, 'Samsung', 3),
(52, 'LG Sound Bar 2.1 Channel', 3199.00, 'LG', 3),
(53, 'Tornado Water Dispenser', 2899.00, 'Tornado', 3),
(54, 'Unionaire Built-In Oven', 8999.00, 'Unionaire', 3),
(55, 'Huawei Band 8 Smartwatch', 2299.00, 'Huawei', 3),
(56, 'Samsung Smart Monitor 27"', 7599.00, 'Samsung', 3),
(57, 'LG Refrigerator 16 Feet', 12999.00, 'LG', 3),
(58, 'Tornado Sandwich Maker', 799.00, 'Tornado', 3),
(59, 'Unionaire Gas Cooker 5 Burners', 9999.00, 'Unionaire', 3),
(60, 'Huawei WiFi Router AX2', 1149.00, 'Huawei', 3),
(61, 'Tide Powder Detergent 5kg', 179.99, 'Tide', 4),
(62, 'Oxi Powder Stain Remover 3kg', 149.99, 'Oxi', 4),
(63, 'Lifeboy Antibacterial Soap 4-pack', 64.99, 'Lifeboy', 4),
(64, 'Fairy Dishwashing Liquid 750ml', 44.50, 'Fairy', 4),
(65, 'Clorox Bleach 1L', 35.00, 'Clorox', 4),
(66, 'Dettol Multi-Surface Cleaner 1L', 85.00, 'Dettol', 4),
(67, 'Persil Liquid Detergent 3L', 215.00, 'Persil', 4),
(68, 'DAC Disinfectant Pine 3L', 62.00, 'DAC', 4),
(69, 'Harpic Toilet Cleaner 500ml', 39.00, 'Harpic', 4),
(70, 'Pril Dishwashing Liquid 1L', 50.00, 'Pril', 4),
(71, 'Comfort Fabric Softener 2L', 88.00, 'Comfort', 4),
(72, 'Sanita Trash Bags Large 30pcs', 55.00, 'Sanita', 4),
(73, 'Finish Dishwasher Tablets 20pcs', 140.00, 'Finish', 4),
(74, 'Ajax Floor Cleaner 1.5L', 75.00, 'Ajax', 4),
(75, 'Downy Fabric Softener 1.8L', 92.00, 'Downy', 4),
(76, 'Glade Air Freshener Spray 300ml', 36.00, 'Glade', 4),
(77, 'Raid Insect Killer Spray 300ml', 45.00, 'Raid', 4),
(78, 'Mr Muscle Kitchen Cleaner 500ml', 48.00, 'Mr Muscle', 4),
(79, 'Bonux Detergent Powder 2.5kg', 90.00, 'Bonux', 4),
(80, 'Jif Cream Cleaner 500ml', 34.00, 'Jif', 4),
(81, 'Panadol Extra 24 Tablets', 55.00, 'Panadol', 5),
(82, 'Sensodyne Toothpaste 100ml', 65.00, 'Sensodyne', 5),
(83, 'Oral-B Toothbrush Medium', 35.00, 'Oral-B', 5),
(84, 'Head & Shoulders Shampoo 400ml', 85.00, 'Head & Shoulders', 5),
(85, 'Nivea Men Deodorant 150ml', 78.00, 'Nivea', 5),
(86, 'Garnier Micellar Water 400ml', 120.00, 'Garnier', 5),
(87, 'Johnson’s Baby Oil 200ml', 50.00, 'Johnson’s', 5),
(88, 'L’Oréal Face Wash Men Expert', 95.00, 'L’Oréal', 5),
(89, 'Vaseline Lip Therapy 20g', 45.00, 'Vaseline', 5),
(90, 'Always Ultra Thin Pads 20pcs', 89.00, 'Always', 5),
(91, 'Colgate Toothpaste Triple Action 100ml', 38.00, 'Colgate', 5),
(92, 'Clear Anti-Dandruff Shampoo 400ml', 90.00, 'Clear', 5),
(93, 'Dettol Antibacterial Bar Soap 3pcs', 64.00, 'Dettol', 5),
(94, 'Rexona Roll-On Deodorant 50ml', 60.00, 'Rexona', 5),
(95, 'Signal Whitening Toothpaste 125ml', 42.00, 'Signal', 5),
(96, 'Always Daily Liners 40pcs', 54.00, 'Always', 5),
(97, 'Dove Beauty Bar 4-pack', 75.00, 'Dove', 5),
(98, 'Parodontax Toothpaste 75ml', 84.00, 'Parodontax', 5),
(99, 'Nivea Soft Cream 200ml', 110.00, 'Nivea', 5),
(100, 'Gillette Blue3 Disposable Razors 3pcs', 66.00, 'Gillette', 5),
(101, 'Dining Table 6 Chairs - Oak Finish', 7250.00, 'IKEA', 6),
(102, '3-Seater Fabric Sofa - Grey', 8990.00, 'In&Out Furniture', 6),
(103, 'King Size Bed Frame - Walnut', 10250.00, 'IKEA', 6),
(104, 'Wardrobe 3 Doors - White', 7990.00, 'Home Centre', 6),
(105, 'TV Unit - Modern Design 160cm', 3650.00, 'IKEA', 6),
(106, 'Office Desk with Drawers', 2250.00, 'Mienta Home', 6),
(107, 'Bookshelf 5 Shelves - Brown', 1890.00, 'IKEA', 6),
(108, 'Shoe Cabinet with Mirror', 2750.00, 'In&Out Furniture', 6),
(109, 'Nightstand with Drawer - Set of 2', 1650.00, 'Home Centre', 6),
(110, 'Wall-mounted Shelves - Set of 3', 890.00, 'Jumia Home', 6),
(111, 'Foldable Study Table - Wood', 1190.00, 'IKEA', 6),
(112, 'L-Shaped Corner Sofa - Beige', 12500.00, 'In&Out Furniture', 6),
(113, 'Bedside Lamp Table - White', 850.00, 'Home Centre', 6),
(114, 'Dining Chair - Leather Black', 950.00, 'IKEA', 6),
(115, 'Coffee Table - Glass Top', 1350.00, 'Jumia Home', 6),
(116, 'Shoe Rack 3 Tier - Metal Frame', 690.00, 'IKEA', 6),
(117, 'Bathroom Cabinet Mirror - Wall Mount', 1120.00, 'Home Centre', 6),
(118, 'Drawer Chest 4-Tier - Brown Wood', 2150.00, 'In&Out Furniture', 6),
(119, 'Recliner Armchair - Grey', 5650.00, 'IKEA', 6),
(120, 'Single Bed Frame - Kids', 3850.00, 'Home Centre', 6),
(121, 'LEGO Classic Bricks Set 790 pcs', 1899.00, 'LEGO', 7),
(122, 'Remote Control Car 1:16 Scale', 850.00, 'Syma', 7),
(123, 'Play-Doh Modeling Compound 10 Pack', 325.00, 'Play-Doh', 7),
(124, 'Barbie Fashion Doll - Blonde Hair', 499.00, 'Barbie', 7),
(125, 'Hot Wheels 5-Car Gift Pack', 275.00, 'Hot Wheels', 7),
(126, 'Puzzle 1000 Pieces - City View', 230.00, 'Trefl', 7),
(127, 'Uno Card Game - Original', 140.00, 'Mattel', 7),
(128, 'Kitchen Set Toy for Girls', 420.00, 'Zinc', 7),
(129, 'Doctor Kit with Lights and Sounds', 310.00, 'Zinc', 7),
(130, 'Soccer Ball Size 5 - Kids Edition', 260.00, 'Adidas', 7),
(131, 'Stuffed Teddy Bear 60cm - Brown', 370.00, 'Sambro', 7),
(132, 'Electric Train Set with Track', 980.00, 'VTech', 7),
(133, 'Dart Board Set with Safe Tips', 185.00, 'Hasbro', 7),
(134, 'Nerf Elite Disruptor Blaster', 495.00, 'Nerf', 7),
(135, 'Drawing Board with Magnetic Letters', 275.00, 'LeapFrog', 7),
(136, 'Building Blocks Set - 120 pcs', 345.00, 'Mega Bloks', 7),
(137, 'Kids Scooter with LED Wheels', 875.00, 'Oxelo', 7),
(138, 'Bicycle 16 inch - Red', 1750.00, 'BMX', 7),
(139, 'Wooden Abacus Educational Toy', 160.00, 'Melissa & Doug', 7),
(140, 'Baby Rattle Set - 5 pcs', 195.00, 'Chicco', 7),
(141, 'Cordless Drill 12V with Battery', 1199.00, 'Bosch', 8),
(142, 'Electric Screwdriver Set 45 pcs', 820.00, 'Black+Decker', 8),
(143, 'Hammer with Rubber Grip 16oz', 180.00, 'Stanley', 8),
(144, 'Adjustable Wrench 12 Inch', 240.00, 'Tolsen', 8),
(145, 'Screwdriver Set 10 pcs', 165.00, 'Ingco', 8),
(146, 'Tape Measure 5m x 19mm', 75.00, 'Total', 8),
(147, 'Heavy Duty Tool Box 19 inch', 290.00, 'Makita', 8),
(148, 'Hot Glue Gun with 5 Glue Sticks', 110.00, 'Deli', 8),
(149, 'Electric Sander 220V 135W', 890.00, 'Einhell', 8),
(150, 'Laser Level with Tripod', 1340.00, 'Bosch', 8),
(151, 'Pliers Set - 3 Pcs', 220.00, 'Craftsman', 8),
(152, 'Cordless Angle Grinder 20V', 1650.00, 'DeWalt', 8),
(153, 'Tool Set 128 pcs - Complete Kit', 1750.00, 'Black+Decker', 8),
(154, 'Handsaw 18 Inch', 125.00, 'Tolsen', 8),
(155, 'Wire Cutter & Stripper', 90.00, 'Total', 8),
(156, 'Multimeter Digital Tester', 370.00, 'UNI-T', 8),
(157, 'Safety Helmet Yellow - Adjustable', 95.00, '3M', 8),
(158, 'Electric Paint Spray Gun 500W', 1250.00, 'Hyundai', 8),
(159, 'Work Gloves Leather Palm', 55.00, 'Makita', 8),
(160, 'Rotary Tool Kit 300 pcs', 1440.00, 'Dremel', 8),
(161, 'Atomic Habits', 250.00, 'James Clear', 9),
(162, 'The Subtle Art of Not Giving a F*ck', 280.00, 'Mark Manson', 9),
(163, 'Ikigai: The Japanese Secret to a Long Life', 190.00, 'Héctor García', 9),
(164, 'Think and Grow Rich', 210.00, 'Napoleon Hill', 9),
(165, 'Rich Dad Poor Dad', 240.00, 'Robert Kiyosaki', 9),
(166, 'The Power of Now', 235.00, 'Eckhart Tolle', 9),
(167, 'El Feel El Azrak', 160.00, 'Ahmed Mourad', 9),
(168, 'You Are a Badass', 195.00, 'Jen Sincero', 9),
(169, 'Sapiens: A Brief History of Humankind', 340.00, 'Yuval Noah Harari', 9),
(170, 'The Alchemist', 180.00, 'Paulo Coelho', 9),
(171, 'The 7 Habits of Highly Effective People', 300.00, 'Stephen R. Covey', 9),
(172, 'Harry Potter and the Sorcerer''s Stone', 275.00, 'J.K. Rowling', 9),
(173, 'Qanon Al Gozour', 145.00, 'Reem Bassiouney', 9),
(174, 'The Psychology of Money', 310.00, 'Morgan Housel', 9),
(175, 'Start With Why', 270.00, 'Simon Sinek', 9),
(176, 'Fi Kol Osbou Youm Gomaa', 155.00, 'Ibrahim Abdel Meguid', 9),
(177, 'Can’t Hurt Me', 295.00, 'David Goggins', 9),
(178, 'Educated', 265.00, 'Tara Westover', 9),
(179, 'Kafka on the Shore', 325.00, 'Haruki Murakami', 9),
(180, 'Ma Waraa Al Tabiaa Vol. 1', 120.00, 'Ahmed Khaled Tawfik', 9);


delete from Products



INSERT INTO Branches (Branch_ID, Branch_Name, Branch_Location, Branch_PhoneNumber)
VALUES
(1, 'Hyper Nasr City', 'Cairo', '0223456701'),
(2, 'Hyper Dokki', 'Giza', '0234567812'),
(3, 'Hyper Shebin', 'Monufia', '0482233445'),
(4, 'Hyper Zagazig', 'Sharqia', '0556677889'),
(5, 'Hyper Tanta', 'Gharbia', '0403344556'),
(6, 'Hyper Damanhour', 'Beheira', '0457766554'),
(7, 'Hyper Mansoura', 'Dakahlia', '0501122334'),
(8, 'Hyper Benha', 'Qalyubia', '0139988776'),
(9, 'Hyper Fayoum', 'Fayoum', '0842233110'),
(10, 'Hyper Beni Suef', 'Beni Suef', '0829988776');


delete from Branches ..





INSERT INTO Employees (Emp_ID, Emp_FirstName, Emp_LastName, Emp_Age, Emp_Gender, Emp_MaritalStatus, Emp_PhoneNumber, Emp_Address, Emp_HireDate, Emp_Salary, Dept_ID, Manager_ID, Branch_ID, Title)
VALUES
(1, 'Ahmed', 'Ali', 35, 'M', 'Single', '01001234567', 'Cairo', '2020-01-15', 8000, 1, NULL, 1, 'Branch Manager'),
(2, 'Mohamed', 'Youssef', 28, 'M', 'Married', '01002345678', 'Cairo', '2021-03-10', 6000, 2, 1, 1, 'Sales Associate'),
(3, 'Sara', 'Mahmoud', 26, 'F', 'Single', '01003456789', 'Cairo', '2022-06-01', 5800, 3, 1, 1, 'Cashier'),
(4, 'Yasmine', 'Hassan', 32, 'F', 'Married', '01004567890', 'Cairo', '2019-08-20', 6200, 4, 1, 1, 'HR Officer'),
(5, 'Omar', 'Mostafa', 30, 'M', 'Single', '01005678901', 'Cairo', '2021-11-15', 5900, 5, 1, 1, 'Store Keeper'),
(6, 'Hossam', 'Sayed', 29, 'M', 'Single', '01006789012', 'Cairo', '2023-01-10', 5700, 6, 1, 1, 'IT Support'),
(7, 'Mona', 'Nabil', 27, 'F', 'Single', '01007890123', 'Cairo', '2022-02-05', 5600, 7, 1, 1, 'Inventory Clerk'),
(8, 'Karim', 'Adel', 34, 'M', 'Married', '01008901234', 'Cairo', '2020-12-12', 6100, 8, 1, 1, 'Security Guard'),
(9, 'Rania', 'Tarek', 31, 'F', 'Married', '01009012345', 'Cairo', '2021-07-19', 6000, 9, 1, 1, 'Accountant'),
(10, 'Nour', 'Ahmed', 25, 'F', 'Single', '01010123456', 'Cairo', '2023-04-03', 5500, 8, 1, 1, 'Receptionist'),
(11, 'Tamer', 'Ibrahim', 36, 'M', 'Married', '01011112222', 'Giza', '2020-02-10', 7900, 2, NULL, 2, 'Branch Manager'),
(12, 'Dina', 'Ayman', 29, 'F', 'Single', '01012223333', 'Giza', '2021-05-22', 6100, 3, 11, 2, 'Cashier'),
(13, 'Walid', 'Nasser', 33, 'M', 'Married', '01013334444', 'Giza', '2019-11-30', 6700, 5, 11, 2, 'Store Keeper'),
(14, 'Laila', 'Hesham', 27, 'F', 'Single', '01014445555', 'Giza', '2022-07-15', 5800, 4, 11, 2, 'HR Officer'),
(15, 'Ehab', 'Gamal', 31, 'M', 'Single', '01015556666', 'Giza', '2023-03-18', 6200, 6, 11, 2, 'IT Support'),
(16, 'Aya', 'Khaled', 26, 'F', 'Single', '01016667777', 'Giza', '2022-01-25', 5600, 7, 11, 2, 'Inventory Clerk'),
(17, 'Hani', 'Fouad', 35, 'M', 'Married', '01017778888', 'Giza', '2020-10-10', 6300, 8, 11, 2, 'Security Guard'),
(18, 'Mai', 'Ragab', 28, 'F', 'Married', '01018889999', 'Giza', '2021-08-12', 6000, 9, 11, 2, 'Accountant'),
(19, 'Khaled', 'Reda', 30, 'M', 'Single', '01019990000', 'Giza', '2023-04-01', 5900, 7, 11, 2, 'Receptionist'),
(20, 'Salma', 'Hussein', 25, 'F', 'Single', '01011221100', 'Giza', '2022-10-10', 5500, 3, 11, 2, 'Cashier'),
(21, 'Hany', 'Fouad', 38, 'M', 'Married', '01020123456', 'Shebin El-Kom', '2020-01-10', 8200, 1, NULL, 3, 'Branch Manager'),
(22, 'Alaa', 'Mostafa', 27, 'M', 'Single', '01021234567', 'Ashmoun', '2021-05-12', 5800, 2, 21, 3, 'Sales Associate'),
(23, 'Mageda', 'Ahmed', 30, 'F', 'Married', '01022345678', 'Tala', '2022-07-01', 5700, 3, 21, 3, 'Cashier'),
(24, 'Mahmoud', 'Galal', 29, 'M', 'Single', '01023456789', 'Quesna', '2021-11-20', 6000, 4, 21, 3, 'HR Officer'),
(25, 'Shimaa', 'Kamal', 26, 'F', 'Single', '01024567890', 'Bagour', '2023-02-14', 5600, 5, 21, 3, 'Store Keeper'),
(26, 'Yasser', 'Saad', 31, 'M', 'Married', '01025678901', 'Menouf', '2022-03-08', 5900, 6, 21, 3, 'IT Support'),
(27, 'Lamia', 'Hussein', 28, 'F', 'Single', '01026789012', 'Berket El Sabea', '2023-01-03', 5500, 7, 21, 3, 'Inventory Clerk'),
(28, 'Samy', 'Tawfik', 35, 'M', 'Married', '01027890123', 'El Shohada', '2020-12-22', 6100, 8, 21, 3, 'Security Guard'),
(29, 'Esraa', 'Hani', 30, 'F', 'Married', '01028901234', 'Sadat City', '2021-08-11', 6000, 9, 21, 3, 'Accountant'),
(30, 'Nader', 'Ibrahim', 25, 'M', 'Single', '01029012345', 'Shebin El-Kom', '2023-06-30', 5400,1, 21, 3, 'Receptionist'),
(31, 'Khaled', 'Amin', 40, 'M', 'Married', '01030123456', 'Zagazig', '2019-09-01', 8500, 1, NULL, 4, 'Branch Manager'),
(32, 'Eman', 'Farouk', 29, 'F', 'Single', '01031234567', 'Abou Hammad', '2022-05-11', 5900, 2, 31, 4, 'Sales Associate'),
(33, 'Omar', 'Nagy', 27, 'M', 'Single', '01032345678', 'El Ibrahimiya', '2021-03-25', 5800, 3, 31, 4, 'Cashier'),
(34, 'Rasha', 'Saber', 30, 'F', 'Married', '01033456789', 'Minya Al Qamh', '2020-12-15', 6100, 4, 31, 4, 'HR Officer'),
(35, 'Tamer', 'Reda', 33, 'M', 'Married', '01034567890', 'Hehia', '2021-07-01', 6200, 5, 31, 4, 'Store Keeper'),
(36, 'Walaa', 'Magdy', 26, 'F', 'Single', '01035678901', 'Kafr Saqr', '2023-03-20', 5500, 6, 31, 4, 'IT Support'),
(37, 'Fady', 'Essam', 28, 'M', 'Single', '01036789012', 'Belbeis', '2022-01-12', 5600, 7, 31, 4, 'Inventory Clerk'),
(38, 'Rania', 'Lotfy', 32, 'F', 'Married', '01037890123', 'Faqous', '2021-09-08', 6100, 8, 31, 4, 'Security Guard'),
(39, 'Tarek', 'Mahdy', 31, 'M', 'Single', '01038901234', 'Zagazig', '2023-05-17', 6000, 9, 31, 4, 'Accountant'),
(40, 'Nouran', 'Adel', 24, 'F', 'Single', '01039012345', 'Zagazig', '2023-07-05', 5500, 6, 31, 4, 'Receptionist'),
(41, 'Ahmed', 'Mostafa', 37, 'M', 'Married', '01040112233', 'Tanta', '2019-03-15', 8100, 2, NULL, 5, 'Store Manager'),
(42, 'Rania', 'Ali', 29, 'F', 'Single', '01040223344', 'El Mahalla El Kubra', '2021-07-10', 5900, 3, 41, 5, 'Cashier'),
(43, 'Mohamed', 'Fathy', 34, 'M', 'Married', '01040334455', 'Kafr El Zayat', '2020-01-20', 6600, 4, 41, 5, 'Inventory Clerk'),
(44, 'Sara', 'Mahmoud', 27, 'F', 'Single', '01040445566', 'Zefta', '2022-05-05', 5700, 5, 41, 5, 'HR Officer'),
(45, 'Yasser', 'Hassan', 32, 'M', 'Single', '01040556677', 'Samannoud', '2023-02-14', 6200, 6, 41, 5, 'Sales Associate'),
(46, 'Nour', 'Saeed', 26, 'F', 'Single', '01040667788', 'Basyoun', '2022-08-22', 5500, 7, 41, 5, 'Receptionist'),
(47, 'Adel', 'Hamed', 35, 'M', 'Married', '01040778899', 'Kotoor', '2020-09-18', 6300, 8, 41, 5, 'Security Guard'),
(48, 'Yasmin', 'Reda', 28, 'F', 'Single', '01040889900', 'El Mahalla El Kubra', '2021-06-01', 6000, 9, 41, 5, 'Accountant'),
(49, 'Mahmoud', 'Ashraf', 31, 'M', 'Single', '01040990011', 'Tanta', '2023-03-12', 5800, 7, 41, 5, 'IT Support'),
(50, 'Hagar', 'Tarek', 25, 'F', 'Single', '01041001122', 'Zefta', '2022-11-30', 5400, 3, 41, 5, 'Cashier'),
(51, 'Khaled', 'Shokry', 40, 'M', 'Married', '01051112233', 'Damanhour', '2018-04-20', 8500, 2, NULL, 6, 'Store Manager'),
(52, 'Eman', 'Refaat', 30, 'F', 'Single', '01051223344', 'Kafr El Dawwar', '2021-09-05', 5900, 3, 51, 6, 'Cashier'),
(53, 'Mostafa', 'Alaa', 35, 'M', 'Married', '01051334455', 'Rashid', '2020-02-14', 6400, 4, 51, 6, 'Inventory Clerk'),
(54, 'Asmaa', 'Tamer', 28, 'F', 'Single', '01051445566', 'Etay El Barud', '2022-03-18', 5700, 5, 51, 6, 'HR Officer'),
(55, 'Amr', 'Zaki', 33, 'M', 'Married', '01051556677', 'Delingat', '2023-01-20', 6200, 6, 51, 6, 'Sales Associate'),
(56, 'Dina', 'Yehia', 27, 'F', 'Single', '01051667788', 'Shubrakhit', '2022-07-10', 5600, 7, 51, 6, 'Receptionist'),
(57, 'Hazem', 'Hany', 36, 'M', 'Married', '01051778899', 'Abu Hummus', '2019-10-05', 6300, 8, 51, 6, 'Security Guard'),
(58, 'Mona', 'Mohsen', 29, 'F', 'Single', '01051889900', 'Kom Hamada', '2021-12-08', 6000, 9, 51, 6, 'Accountant'),
(59, 'Fady', 'Omar', 32, 'M', 'Single', '01051990011', 'Damanhour', '2023-04-25', 5800, 4, 51, 6, 'IT Support'),
(60, 'Hadeer', 'Salah', 26, 'F', 'Single', '01052001122', 'Itay El Barud', '2022-10-19', 5500, 3, 51, 6, 'Cashier'),
(61, 'Ahmed', 'Fekry', 41, 'M', 'Married', '01052112233', 'Mansoura', '2017-11-11', 8700, 1, NULL, 7, 'Store Manager'),
(62, 'Salma', 'Wael', 29, 'F', 'Single', '01052223344', 'Talkha', '2021-01-05', 5900, 3, 61, 7, 'Cashier'),
(63, 'Islam', 'Maged', 34, 'M', 'Married', '01052334455', 'Mit Ghamr', '2020-06-14', 6400, 4, 61, 7, 'Inventory Clerk'),
(64, 'Nour', 'Ehab', 27, 'F', 'Single', '01052445566', 'Sherbin', '2022-05-20', 5700, 5, 61, 7, 'HR Officer'),
(65, 'Youssef', 'Mostafa', 36, 'M', 'Married', '01052556677', 'El Senbellawein', '2019-08-10', 6300, 6, 61, 7, 'Sales Associate'),
(66, 'Nada', 'Reda', 30, 'F', 'Single', '01052667788', 'Dekernes', '2023-01-30', 6000, 7, 61, 7, 'Receptionist'),
(67, 'Tamer', 'Kamal', 33, 'M', 'Married', '01052778899', 'Menit El Nasr', '2020-03-15', 6500, 8, 61, 7, 'Security Guard'),
(68, 'Mai', 'Ahmed', 28, 'F', 'Single', '01052889900', 'Aga', '2021-10-22', 5800, 9, 61, 7, 'Accountant'),
(69, 'Hesham', 'Osama', 32, 'M', 'Single', '01052990011', 'Bani Ubaid', '2023-06-01', 6100, 3, 61, 7, 'IT Support'),
(70, 'Marwa', 'Taha', 26, 'F', 'Single', '01053001122', 'Manzala', '2022-08-19', 5500, 3, 61, 7, 'Cashier'),
(71, 'Khaled', 'Zidan', 42, 'M', 'Married', '01053112233', 'Benha', '2016-12-05', 8800, 1, NULL, 8, 'Store Manager'),
(72, 'Rania', 'Helmy', 31, 'F', 'Single', '01053223344', 'Qaha', '2021-03-15', 5900, 3, 71, 8, 'Cashier'),
(73, 'Omar', 'Saad', 35, 'M', 'Married', '01053334455', 'Shibin El Qanater', '2020-07-18', 6400, 4, 71, 8, 'Inventory Clerk'),
(74, 'Dina', 'Mahmoud', 28, 'F', 'Single', '01053445566', 'Toukh', '2022-04-10', 5800, 5, 71, 8, 'HR Officer'),
(75, 'Hany', 'Tarek', 37, 'M', 'Married', '01053556677', 'Kafr Shukr', '2018-09-20', 6300, 6, 71, 8, 'Sales Associate'),
(76, 'Mona', 'Nabil', 29, 'F', 'Single', '01053667788', 'El Khanka', '2023-02-25', 6000, 7, 71, 8, 'Receptionist'),
(77, 'Sameh', 'Adel', 34, 'M', 'Married', '01053778899', 'Qalyub', '2020-05-12', 6500, 8, 71, 8, 'Security Guard'),
(78, 'Lamia', 'Hassan', 27, 'F', 'Single', '01053889900', 'El Qanater El Khayreya', '2021-11-30', 5700, 9, 71, 8, 'Accountant'),
(79, 'Mohamed', 'Reda', 32, 'M', 'Single', '01053990011', 'Bahteem', '2023-07-05', 6100, 1, 71, 8, 'IT Support'),
(80, 'Nermeen', 'Hossam', 26, 'F', 'Single', '01054001122', 'Mostorod', '2022-09-23', 5600, 3, 71, 8, 'Cashier'),
(81, 'Ahmed', 'Gaber', 44, 'M', 'Married', '01054112233', 'Fayoum', '2015-11-10', 8900, 1, NULL, 9, 'Store Manager'),
(82, 'Sahar', 'Lotfy', 30, 'F', 'Single', '01054223344', 'Senoures', '2021-02-14', 5800, 3, 81, 9, 'Cashier'),
(83, 'Yasser', 'Farouk', 36, 'M', 'Married', '01054334455', 'Tamiya', '2019-07-07', 6400, 4, 81, 9, 'Inventory Clerk'),
(84, 'Inas', 'Saied', 27, 'F', 'Single', '01054445566', 'Etsa', '2022-05-10', 5700, 5, 81, 9, 'HR Officer'),
(85, 'Ali', 'Sobhy', 39, 'M', 'Married', '01054556677', 'Ibshaway', '2018-08-30', 6600, 6, 81, 9, 'Sales Associate'),
(86, 'Doaa', 'Magdy', 28, 'F', 'Single', '01054667788', 'Yusuf El Sediq', '2023-01-12', 6000, 7, 81, 9, 'Receptionist'),
(87, 'Tamer', 'Hatem', 35, 'M', 'Married', '01054778899', 'Atsa', '2020-04-15', 6700, 8, 81, 9, 'Security Guard'),
(88, 'Riham', 'Fathi', 29, 'F', 'Single', '01054889900', 'El Giza (Fayoum)', '2021-10-19', 5900, 9, 81, 9, 'Accountant'),
(89, 'Mahmoud', 'Hassan', 33, 'M', 'Single', '01054990011', 'Senoures', '2023-06-25', 6200, 3, 81, 9, 'IT Support'),
(90, 'Huda', 'Mohsen', 26, 'F', 'Single', '01055001122', 'Fayoum', '2022-08-08', 5600, 3, 81, 9, 'Cashier'),
(91, 'Ehab', 'Abdelrahman', 45, 'M', 'Married', '01055112233', 'Beni Suef', '2014-09-22', 9000, 1, NULL, 10, 'Store Manager'),
(92, 'Manal', 'Roshdy', 32, 'F', 'Single', '01055223344', 'Al Wasta', '2021-03-10', 6000, 3, 91, 10, 'Cashier'),
(93, 'Hossam', 'Zaki', 38, 'M', 'Married', '01055334455', 'Nasser City (Beni Suef)', '2020-06-30', 6500, 4, 91, 10, 'Inventory Clerk'),
(94, 'Rania', 'Nagy', 27, 'F', 'Single', '01055445566', 'El Fashn', '2022-04-05', 5800, 5, 91, 10, 'HR Officer'),
(95, 'Hatem', 'Kamal', 36, 'M', 'Married', '01055556677', 'Beba', '2017-11-12', 6700, 6, 91, 10, 'Sales Associate'),
(96, 'Nour', 'Essam', 30, 'F', 'Single', '01055667788', 'Samasta', '2023-01-27', 6100, 7, 91, 10, 'Receptionist'),
(97, 'Fady', 'Said', 33, 'M', 'Married', '01055778899', 'Beni Suef', '2019-05-14', 6900, 8, 91, 10, 'Security Guard'),
(98, 'Aya', 'Nabil', 28, 'F', 'Single', '01055889900', 'Al Wasta', '2021-12-22', 5800, 9, 91, 10, 'Accountant'),
(99, 'Kareem', 'Mostafa', 34, 'M', 'Single', '01055990011', 'Nasser', '2023-07-03', 6300, 5, 91, 10, 'IT Support'),
(100, 'Yasmin', 'Lotfy', 25, 'F', 'Single', '01056001122', 'Beni Suef', '2022-09-18', 5600, 3, 91, 10, 'Cashier');


delete from Employees




INSERT INTO Customers (Cust_ID, Cust_FirstName, Cust_LastName, Cust_PhoneNumber, Cust_Address, Gender, Branch_ID)
VALUES
(1, 'Omar', 'Fathy', '01001122334', 'Nasr City', 'M', 1),
(2, 'Laila', 'Samir', '01002233445', 'Heliopolis', 'F', 1),
(3, 'Youssef', 'Ali', '01003344556', 'Maadi', 'M', 1),
(4, 'Mona', 'Ibrahim', '01004455667', 'New Cairo', 'F', 1),
(5, 'Kareem', 'Hassan', '01005566778', 'Zamalek', 'M', 1),
(6, 'Salma', 'Mostafa', '01006677889', 'Helwan', 'F', 1),
(7, 'Tamer', 'Reda', '01007788990', 'El Marg', 'M', 1),
(8, 'Nour', 'Adel', '01008899001', 'Tagamoa', 'F', 1),
(9, 'Ahmed', 'Tawfik', '01009900112', 'Shubra', 'M', 1),
(10, 'Dina', 'Mahmoud', '01001011223', 'El Rehab', 'F', 1),
(11, 'Hossam', 'Saad', '01010122334', 'Mohandessin', 'M', 2),
(12, 'Rana', 'Khalil', '01010233445', 'Dokki', 'F', 2),
(13, 'Fady', 'Yehia', '01010344556', 'Haram', 'M', 2),
(14, 'Hagar', 'Nour', '01010455667', 'Faisal', 'F', 2),
(15, 'Sherif', 'Youssef', '01010566778', 'Imbaba', 'M', 2),
(16, 'Yasmin', 'Amin', '01010677889', 'Agouza', 'F', 2),
(17, 'Mahmoud', 'Sami', '01010788990', 'Kerdasa', 'M', 2),
(18, 'Reem', 'Gamal', '01010899001', '6 October', 'F', 2),
(19, 'Ibrahim', 'Tarek', '01010900112', 'Warraq', 'M', 2),
(20, 'Nadine', 'Hesham', '01011011223', 'Boulak', 'F', 2),
(21, 'Mostafa', 'Hussein', '01011122334', 'Shebin El-Kom', 'M', 3),
(22, 'Mariam', 'Fouad', '01011233445', 'Tala', 'F', 3),
(23, 'Mohamed', 'Zaki', '01011344556', 'Ashmoun', 'M', 3),
(24, 'Hadeer', 'Salah', '01011455667', 'Menouf', 'F', 3),
(25, 'Alaa', 'Kamal', '01011566778', 'Bagour', 'M', 3),
(26, 'Dalia', 'Osama', '01011677889', 'Quesna', 'F', 3),
(27, 'Bassel', 'Ehab', '01011788990', 'Sadat City', 'M', 3),
(28, 'Jana', 'Fathi', '01011899001', 'Berket El-Sabaa', 'F', 3),
(29, 'Ahmed', 'Hamed', '01011900112', 'Sers El-Layan', 'M', 3),
(30, 'Farah', 'Tamer', '01012011223', 'El Shohada', 'F', 3),
(31, 'Khaled', 'Adel', '01012122334', 'Zagazig', 'M', 4),
(32, 'Sara', 'Ramy', '01012233445', '10th of Ramadan', 'F', 4),
(33, 'Omar', 'Mahdy', '01012344556', 'Abou Hammad', 'M', 4),
(34, 'Nada', 'Essam', '01012455667', 'Bilbeis', 'F', 4),
(35, 'Tarek', 'Ibrahim', '01012566778', 'Fakous', 'M', 4),
(36, 'Aya', 'Ahmed', '01012677889', 'Hehia', 'F', 4),
(37, 'Hany', 'Mekky', '01012788990', 'Minya El Qamh', 'M', 4),
(38, 'Lina', 'Mohsen', '01012899001', 'Mashtool El Souk', 'F', 4),
(39, 'Hatem', 'Shoukry', '01012900112', 'El Ibrahimeya', 'M', 4),
(40, 'Rania', 'Zein', '01013011223', 'Derb Negm', 'F', 4),
(41, 'Wael', 'Ayman', '01013122334', 'Tanta', 'M', 5),
(42, 'Hoda', 'Shady', '01013233445', 'El Mahalla', 'F', 5),
(43, 'Adham', 'Saber', '01013344556', 'Kafr El Zayat', 'M', 5),
(44, 'Yara', 'Lotfy', '01013455667', 'Samannoud', 'F', 5),
(45, 'Rami', 'Ragab', '01013566778', 'Basyoun', 'M', 5),
(46, 'Mira', 'Fathy', '01013677889', 'Santa', 'F', 5),
(47, 'Ayman', 'Hamdy', '01013788990', 'Zefta', 'M', 5),
(48, 'Noor', 'Tawfik', '01013899001', 'Qutour', 'F', 5),
(49, 'Nabil', 'Shams', '01013900112', 'Kafr El Ghab', 'M', 5),
(50, 'Hanin', 'Magdy', '01014011223', 'Tanta', 'F', 5),
(51, 'Karim', 'Shawky', '01077889911', 'Damanhour', 'M', 6),
(52, 'Nada', 'Sami', '01088991122', 'Kafr El Dawwar', 'F', 6),
(53, 'Mohamed', 'Khalaf', '01099001234', 'Rashid', 'M', 6),
(54, 'Heba', 'Ashraf', '01066554433', 'Abu Hummus', 'F', 6),
(55, 'Ahmed', 'Galal', '01012349876', 'Damanhour', 'M', 6),
(56, 'Sara', 'Helmy', '01019876543', 'Etay El Barud', 'F', 6),
(57, 'Youssef', 'Saber', '01014562345', 'Shubrakhit', 'M', 6),
(58, 'Rania', 'Fathy', '01025678999', 'Kafr El Dawwar', 'F', 6),
(59, 'Tamer', 'Saeed', '01033445566', 'Rashid', 'M', 6),
(60, 'Hager', 'Zaki', '01077665544', 'Damanhour', 'F', 6),
(61, 'Marwan', 'Salah', '01022334455', 'Mansoura', 'M', 7),
(62, 'Aya', 'Goda', '01033221100', 'Mit Ghamr', 'F', 7),
(63, 'Hossam', 'Lotfy', '01088776655', 'Talkha', 'M', 7),
(64, 'Farah', 'Reda', '01066778899', 'Dikirnis', 'F', 7),
(65, 'Mahmoud', 'Ezzat', '01012224466', 'Mansoura', 'M', 7),
(66, 'Lamia', 'Sherif', '01055443322', 'Mit Salsil', 'F', 7),
(67, 'Yassin', 'Nabil', '01066779988', 'Senbellawein', 'M', 7),
(68, 'Mona', 'Fekry', '01044556677', 'El Manzala', 'F', 7),
(69, 'Omar', 'Mahdy', '01022336699', 'Mansoura', 'M', 7),
(70, 'Sahar', 'Gamal', '01011882233', 'Mit Ghamr', 'F', 7),
(71, 'Ziad', 'Mokhtar', '01077668899', 'Benha', 'M', 8),
(72, 'Dalia', 'Mounir', '01099887766', 'Qalyub', 'F', 8),
(73, 'Mostafa', 'Aziz', '01055667788', 'Shubra El Kheima', 'M', 8),
(74, 'Nour', 'Ahmed', '01066559988', 'Kafr Shukr', 'F', 8),
(75, 'Ali', 'Mansour', '01033447711', 'Benha', 'M', 8),
(76, 'Esraa', 'Ibrahim', '01098882233', 'Tukh', 'F', 8),
(77, 'Adham', 'Younis', '01012223344', 'El Qanater El Khayreya', 'M', 8),
(78, 'Reem', 'Wael', '01055446677', 'Qaha', 'F', 8),
(79, 'Hussein', 'Noureldin', '01088779966', 'Benha', 'M', 8),
(80, 'Yasmin', 'Sobhy', '01044332211', 'Shubra El Kheima', 'F', 8),
(81, 'Anas', 'Sabry', '01011223345', 'Fayoum City', 'M', 9),
(82, 'Mariam', 'Nagy', '01022113344', 'Sinnuris', 'F', 9),
(83, 'Bassem', 'Lotfy', '01033225566', 'Etsa', 'M', 9),
(84, 'Noha', 'Essam', '01044334455', 'Ibshway', 'F', 9),
(85, 'Tariq', 'Karam', '01055445566', 'Fayoum City', 'M', 9),
(86, 'Amira', 'Fouad', '01066556677', 'Tamiya', 'F', 9),
(87, 'Hassan', 'Raouf', '01077667788', 'Etsa', 'M', 9),
(88, 'Jana', 'Refaat', '01088778899', 'Sinnuris', 'F', 9),
(89, 'Wael', 'Atef', '01099889900', 'Fayoum City', 'M', 9),
(90, 'Raghda', 'Mostafa', '01010998877', 'Ibshway', 'F', 9),
(91, 'Shady', 'Ayman', '01012344321', 'Beni Suef City', 'M', 10),
(92, 'Salma', 'Hatem', '01023455432', 'Al Fashn', 'F', 10),
(93, 'Fady', 'Zaher', '01034566543', 'Biba', 'M', 10),
(94, 'Engy', 'Tawfik', '01045677654', 'Nasser', 'F', 10),
(95, 'Yahya', 'Basel', '01056788765', 'Beni Suef City', 'M', 10),
(96, 'Hoda', 'Nasser', '01067899876', 'Ihnasya', 'F', 10),
(97, 'Kareem', 'Rashad', '01078910987', 'Beba', 'M', 10),
(98, 'Hanan', 'Arafa', '01089021098', 'Al Fashn', 'F', 10),
(99, 'Ahmed', 'Zaki', '01090132109', 'Beni Suef City', 'M', 10),
(100, 'Yara', 'Alaa', '01091243210', 'Nasser', 'F', 10);


delete from Customers



INSERT INTO Orders (Order_ID, Order_Date, Order_Status, Order_TotalAmount, Order_Discount, Order_Tax, Order_NetAmount, Order_ShippingAddress, Cust_ID, Branch_ID)
VALUES
(1, '2022-03-15', 'Completed', 850.00, 50.00, 42.50, 842.50, 'Cairo', 1, 1),
(2, '2022-05-22', 'Pending', 1200.00, 0.00, 60.00, 1260.00, 'Cairo', 2, 1),
(3, '2022-07-19', 'Shipped', 450.00, 20.00, 22.50, 452.50, 'Giza', 3, 2),
(4, '2022-01-30', 'Cancelled', 220.00, 0.00, 11.00, 231.00, 'Giza', 4, 2),
(5, '2022-09-05', 'Completed', 1300.00, 100.00, 65.00, 1265.00, 'Alexandria', 5, 3),
(6, '2023-01-12', 'Pending', 670.00, 10.00, 33.50, 693.50, 'Alexandria', 6, 3),
(7, '2023-04-20', 'Completed', 950.00, 0.00, 47.50, 997.50, 'Cairo', 7, 1),
(8, '2023-06-11', 'Shipped', 4000.00, 300.00, 200.00, 3900.00, 'Giza', 8, 2),
(9, '2023-11-30', 'Completed', 150.00, 0.00, 7.50, 157.50, 'Cairo', 9, 1),
(10, '2023-08-25', 'Pending', 750.00, 25.00, 37.50, 762.50, 'Alexandria', 10, 3),
(11, '2022-02-14', 'Completed', 980.00, 50.00, 49.00, 979.00, 'Tanta', 11, 5),
(12, '2022-06-01', 'Cancelled', 320.00, 0.00, 16.00, 336.00, 'Tanta', 12, 5),
(13, '2023-07-19', 'Shipped', 1150.00, 100.00, 57.50, 1107.50, 'Fayoum', 13, 9),
(14, '2023-03-22', 'Completed', 680.00, 20.00, 34.00, 694.00, 'Fayoum', 14, 9),
(15, '2024-05-11', 'Pending', 2500.00, 200.00, 125.00, 2425.00, 'Mansoura', 15, 7),
(16, '2024-08-30', 'Completed', 600.00, 0.00, 30.00, 630.00, 'Mansoura', 16, 7),
(17, '2025-01-15', 'Shipped', 1300.00, 100.00, 65.00, 1265.00, 'Benha', 17, 8),
(18, '2025-04-05', 'Completed', 450.00, 20.00, 22.50, 452.50, 'Benha', 18, 8),
(19, '2022-09-10', 'Pending', 900.00, 0.00, 45.00, 945.00, 'Beni Suef', 19, 10),
(20, '2023-11-25', 'Cancelled', 300.00, 10.00, 15.00, 305.00, 'Beni Suef', 20, 10),
(21, '2024-02-18', 'Completed', 1150.00, 50.00, 57.50, 1157.50, 'Shebin El-Kom', 21, 3),
(22, '2024-03-29', 'Shipped', 780.00, 20.00, 39.00, 799.00, 'Shebin El-Kom', 22, 3),
(23, '2022-06-15', 'Pending', 1500.00, 100.00, 75.00, 1475.00, 'Kafr El-Dawwar', 23, 6),
(24, '2022-07-20', 'Completed', 450.00, 0.00, 22.50, 472.50, 'Kafr El-Dawwar', 24, 6),
(25, '2023-05-05', 'Shipped', 1200.00, 80.00, 60.00, 1180.00, 'Talkha', 25, 7),
(26, '2023-06-12', 'Pending', 950.00, 0.00, 47.50, 997.50, 'Talkha', 26, 7),
(27, '2024-09-30', 'Completed', 670.00, 30.00, 33.50, 673.50, 'Samannoud', 27, 5),
(28, '2024-11-15', 'Cancelled', 400.00, 0.00, 20.00, 420.00, 'Samannoud', 28, 5),
(29, '2025-01-22', 'Pending', 1100.00, 50.00, 55.00, 1105.00, 'El Mahalla El Kubra', 29, 5),
(30, '2025-03-10', 'Completed', 590.00, 0.00, 29.50, 619.50, 'El Mahalla El Kubra', 30, 5),
(31, '2022-10-19', 'Shipped', 1350.00, 150.00, 67.50, 1267.50, 'Qalyub', 31, 8),
(32, '2022-11-22', 'Completed', 470.00, 0.00, 23.50, 493.50, 'Qalyub', 32, 8),
(33, '2023-07-18', 'Pending', 800.00, 40.00, 40.00, 800.00, 'Toukh', 33, 8),
(34, '2023-08-23', 'Cancelled', 350.00, 0.00, 17.50, 367.50, 'Toukh', 34, 8),
(35, '2024-05-07', 'Completed', 2000.00, 150.00, 100.00, 1950.00, 'Mit Ghamr', 35, 7),
(36, '2024-06-11', 'Shipped', 650.00, 0.00, 32.50, 682.50, 'Mit Ghamr', 36, 7),
(37, '2025-02-25', 'Pending', 780.00, 20.00, 39.00, 799.00, 'Al Wasta', 37, 10),
(38, '2025-03-28', 'Completed', 430.00, 0.00, 21.50, 451.50, 'Al Wasta', 38, 10),
(39, '2022-12-10', 'Shipped', 900.00, 50.00, 45.00, 895.00, 'Menouf', 39, 3),
(40, '2023-01-14', 'Pending', 600.00, 0.00, 30.00, 630.00, 'Menouf', 40, 3),
(41, '2023-10-02', 'Completed', 1250.00, 80.00, 62.50, 1232.50, 'Damanhour', 41, 6),
(42, '2023-11-12', 'Cancelled', 350.00, 0.00, 17.50, 367.50, 'Damanhour', 42, 6),
(43, '2024-04-19', 'Shipped', 1400.00, 100.00, 70.00, 1370.00, 'Rashid', 43, 6),
(44, '2024-05-21', 'Completed', 600.00, 0.00, 30.00, 630.00, 'Rashid', 44, 6),
(45, '2025-03-15', 'Pending', 950.00, 50.00, 47.50, 947.50, 'Senoures', 45, 9),
(46, '2025-04-18', 'Completed', 480.00, 0.00, 24.00, 504.00, 'Senoures', 46, 9),
(47, '2022-07-09', 'Shipped', 800.00, 30.00, 40.00, 810.00, 'Itay El Barud', 47, 6),
(48, '2022-08-14', 'Pending', 550.00, 0.00, 27.50, 577.50, 'Itay El Barud', 48, 6),
(49, '2023-09-01', 'Completed', 1100.00, 80.00, 55.00, 1075.00, 'Shubrakhit', 49, 6),
(50, '2023-10-05', 'Cancelled', 620.00, 0.00, 31.00, 651.00, 'Shubrakhit', 50, 6),
(51, '2024-01-15', 'Shipped', 900.00, 40.00, 45.00, 905.00, 'Zagazig', 51, 4),
(52, '2024-02-18', 'Completed', 700.00, 0.00, 35.00, 735.00, 'Zagazig', 52, 4),
(53, '2025-03-22', 'Pending', 1250.00, 100.00, 62.50, 1212.50, 'Belbeis', 53, 4),
(54, '2025-04-25', 'Completed', 560.00, 0.00, 28.00, 588.00, 'Belbeis', 54, 4),
(55, '2022-06-10', 'Shipped', 1000.00, 50.00, 50.00, 1000.00, 'Faqous', 55, 4),
(56, '2022-07-13', 'Pending', 450.00, 0.00, 22.50, 472.50, 'Faqous', 56, 4),
(57, '2023-08-19', 'Completed', 1300.00, 100.00, 65.00, 1265.00, 'Kafr Saqr', 57, 4),
(58, '2023-09-22', 'Cancelled', 620.00, 0.00, 31.00, 651.00, 'Kafr Saqr', 58, 4),
(59, '2024-01-18', 'Shipped', 900.00, 40.00, 45.00, 905.00, 'Kom Hamada', 59, 6),
(60, '2024-02-21', 'Completed', 700.00, 0.00, 35.00, 735.00, 'Kom Hamada', 60, 6),
(61, '2025-03-17', 'Pending', 1250.00, 100.00, 62.50, 1212.50, 'Abu Hummus', 61, 6),
(62, '2025-04-20', 'Completed', 560.00, 0.00, 28.00, 588.00, 'Abu Hummus', 62, 6),
(63, '2022-05-25', 'Shipped', 1000.00, 50.00, 50.00, 1000.00, 'Kotoor', 63, 5),
(64, '2022-06-28', 'Pending', 450.00, 0.00, 22.50, 472.50, 'Kotoor', 64, 5),
(65, '2023-07-30', 'Completed', 1300.00, 100.00, 65.00, 1265.00, 'Basyoun', 65, 5),
(66, '2023-08-31', 'Cancelled', 620.00, 0.00, 31.00, 651.00, 'Basyoun', 66, 5),
(67, '2024-09-15', 'Shipped', 900.00, 40.00, 45.00, 905.00, 'Delingat', 67, 6),
(68, '2024-10-18', 'Completed', 700.00, 0.00, 35.00, 735.00, 'Delingat', 68, 6),
(69, '2025-11-22', 'Pending', 1250.00, 100.00, 62.50, 1212.50, 'Senoures', 69, 9),
(70, '2025-12-25', 'Completed', 560.00, 0.00, 28.00, 588.00, 'Senoures', 70, 9),
(71, '2022-03-10', 'Shipped', 1000.00, 50.00, 50.00, 1000.00, 'El Senbellawein', 71, 7),
(72, '2022-04-14', 'Pending', 450.00, 0.00, 22.50, 472.50, 'El Senbellawein', 72, 7),
(73, '2023-05-18', 'Completed', 1300.00, 100.00, 65.00, 1265.00, 'Sherbin', 73, 7),
(74, '2023-06-20', 'Cancelled', 620.00, 0.00, 31.00, 651.00, 'Sherbin', 74, 7),
(75, '2024-07-25', 'Shipped', 900.00, 40.00, 45.00, 905.00, 'Dekernes', 75, 7),
(76, '2024-08-28', 'Completed', 700.00, 0.00, 35.00, 735.00, 'Dekernes', 76, 7),
(77, '2025-09-30', 'Pending', 1250.00, 100.00, 62.50, 1212.50, 'Menit El Nasr', 77, 7),
(78, '2025-10-31', 'Completed', 560.00, 0.00, 28.00, 588.00, 'Menit El Nasr', 78, 7),
(79, '2022-11-15', 'Shipped', 1000.00, 50.00, 50.00, 1000.00, 'Bahteem', 79, 8),
(80, '2022-12-20', 'Pending', 450.00, 0.00, 22.50, 472.50, 'Bahteem', 80, 8),
(81, '2023-01-24', 'Completed', 1300.00, 100.00, 65.00, 1265.00, 'El Khanka', 81, 8),
(82, '2023-02-28', 'Cancelled', 620.00, 0.00, 31.00, 651.00, 'El Khanka', 82, 8),
(83, '2024-03-15', 'Shipped', 900.00, 40.00, 45.00, 905.00, 'Qaha', 83, 8),
(84, '2024-04-18', 'Completed', 700.00, 0.00, 35.00, 735.00, 'Qaha', 84, 8),
(85, '2025-05-22', 'Pending', 1250.00, 100.00, 62.50, 1212.50, 'Benha', 85, 8),
(86, '2025-06-25', 'Completed', 560.00, 0.00, 28.00, 588.00, 'Benha', 86, 8),
(87, '2022-07-20', 'Shipped', 1000.00, 50.00, 50.00, 1000.00, 'Qalyub', 87, 8),
(88, '2022-08-23', 'Pending', 450.00, 0.00, 22.50, 472.50, 'Qalyub', 88, 8),
(89, '2023-09-27', 'Completed', 1300.00, 100.00, 65.00, 1265.00, 'Toukh', 89, 8),
(90, '2023-10-30', 'Cancelled', 620.00, 0.00, 31.00, 651.00, 'Toukh', 90, 8),
(91, '2024-11-15', 'Shipped', 900.00, 40.00, 45.00, 905.00, 'Sherbin', 91, 7),
(92, '2024-12-18', 'Completed', 700.00, 0.00, 35.00, 735.00, 'Sherbin', 92, 7),
(93, '2025-01-22', 'Pending', 1250.00, 100.00, 62.50, 1212.50, 'Dekernes', 93, 7),
(94, '2025-02-25', 'Completed', 560.00, 0.00, 28.00, 588.00, 'Dekernes', 94, 7),
(95, '2022-03-28', 'Shipped', 1000.00, 50.00, 50.00, 1000.00, 'Menit El Nasr', 95, 7),
(96, '2022-04-30', 'Pending', 450.00, 0.00, 22.50, 472.50, 'Menit El Nasr', 96, 7),
(97, '2023-05-05', 'Completed', 1300.00, 100.00, 65.00, 1265.00, 'Bahteem', 97, 8),
(98, '2023-06-08', 'Cancelled', 620.00, 0.00, 31.00, 651.00, 'Bahteem', 98, 8),
(99, '2024-07-12', 'Shipped', 900.00, 40.00, 45.00, 905.00, 'El Khanka', 99, 8),
(100, '2024-08-15', 'Completed', 700.00, 0.00, 35.00, 735.00, 'El Khanka', 100, 8);



delete from Orders


INSERT INTO OrderDetails (Pro_ID, Order_ID, Quantity) VALUES
-- Order 1
(12, 1, 3), (55, 1, 2), (103, 1, 1),
-- Order 2
(7, 2, 5), (38, 2, 1), (91, 2, 4),
-- Order 3
(45, 3, 3), (87, 3, 1), (12, 3, 2),
-- Order 4
(150, 4, 1), (180, 4, 3), (33, 4, 1),
-- Order 5
(98, 5, 4), (44, 5, 2),
-- Order 6
(25, 6, 5), (67, 6, 1), (12, 6, 3),
-- Order 7
(88, 7, 2), (154, 7, 1),
-- Order 8
(5, 8, 4), (73, 8, 3), (2, 8, 2),
-- Order 9
(9, 9, 1), (37, 9, 1),
-- Order 10
(66, 10, 4), (41, 10, 5), (17, 10, 3),
-- Orders 11-20
(150, 11, 2), (3, 11, 1),
(89, 12, 3), (122, 12, 1),
(54, 13, 4), (45, 13, 2), (77, 13, 1),
(110, 14, 5), (34, 14, 3),
(9, 15, 2), (140, 15, 1),
(66, 16, 4), (21, 16, 2),
(5, 17, 3), (92, 17, 1),
(131, 18, 2), (47, 18, 1),
(68, 19, 5), (79, 19, 3),
(38, 20, 1), (16, 20, 4),
-- Orders 21-30
(84, 21, 2), (25, 21, 1),
(98, 22, 3), (44, 22, 2),
(50, 23, 1), (113, 23, 4),
(29, 24, 5), (7, 24, 3),
(134, 25, 1), (17, 25, 2),
(81, 26, 3), (59, 26, 1),
(20, 27, 4), (42, 27, 2),
(67, 28, 5), (101, 28, 3),
(12, 29, 1), (28, 29, 2),
(90, 30, 3), (77, 30, 1),
-- Orders 31-40
(40, 31, 4), (68, 31, 2),
(53, 32, 5), (23, 32, 3),
(19, 33, 2), (72, 33, 1),
(105, 34, 3), (8, 34, 1),
(41, 35, 4), (96, 35, 2),
(13, 36, 5), (49, 36, 3),
(35, 37, 1), (61, 37, 2),
(82, 38, 4), (90, 38, 1),
(10, 39, 3), (55, 39, 2),
(33, 40, 1), (84, 40, 5),
-- Orders 41-50
(22, 41, 4), (44, 41, 3),
(29, 42, 1), (75, 42, 2),
(60, 43, 3), (14, 43, 1),
(53, 44, 4), (71, 44, 2),
(18, 45, 5), (37, 45, 3),
(88, 46, 1), (99, 46, 2),
(41, 47, 4), (67, 47, 1),
(26, 48, 3), (102, 48, 2),
(19, 49, 5), (54, 49, 3),
(83, 50, 1), (27, 50, 4),
-- Orders 51-60
(66, 51, 2), (38, 51, 1),
(14, 52, 3), (59, 52, 5),
(49, 53, 4), (20, 53, 2),
(97, 54, 1), (33, 54, 3),
(61, 55, 5), (7, 55, 2),
(43, 56, 4), (12, 56, 1),
(76, 57, 3), (18, 57, 2),
(51, 58, 1), (22, 58, 5),
(5, 59, 2), (18, 59, 4), (33, 59, 1),
(97, 60, 3), (41, 60, 1), (72, 60, 5),
-- Orders 61-70
(14, 61, 2), (59, 61, 3),
(110, 62, 4), (25, 62, 1),
(48, 63, 5), (77, 63, 2),
(12, 64, 3), (99, 64, 1),
(130, 65, 4), (41, 65, 2),
(22, 66, 1), (84, 66, 3),
(19, 67, 5), (56, 67, 2),
(37, 68, 4), (69, 68, 1),
(10, 69, 3), (51, 69, 2),
(86, 70, 5), (30, 70, 1),
-- Orders 71-80
(45, 71, 4), (72, 71, 3),
(28, 72, 2), (60, 72, 1),
(100, 73, 3), (21, 73, 4),
(58, 74, 5), (32, 74, 2),
(14, 75, 1), (43, 75, 3),
(66, 76, 4), (18, 76, 2),
(35, 77, 5), (90, 77, 1),
(25, 78, 3), (41, 78, 2),
(77, 79, 4), (19, 79, 1),
(50, 80, 3), (15, 80, 5),
-- Orders 81-90
(62, 81, 2), (33, 81, 4),
(14, 82, 1), (59, 82, 3),
(98, 83, 5), (20, 83, 2),
(41, 84, 3), (77, 84, 1),
(25, 85, 4), (33, 85, 2),
(50, 86, 5), (16, 86, 1),
(62, 87, 3), (12, 87, 4),
(19, 88, 2), (43, 88, 1),
(66, 89, 5), (20, 89, 3),
(35, 90, 4), (72, 90, 2),
-- Orders 91-100
(25, 91, 1), (99, 91, 3),
(45, 92, 5), (31, 92, 2),
(10, 93, 4), (58, 93, 1),
(77, 94, 3), (15, 94, 5),
(62, 95, 2), (33, 95, 4),
(14, 96, 1), (59, 96, 3),
(98, 97, 5), (20, 97, 2),
(41, 98, 3), (77, 98, 1),
(25, 99, 4), (33, 99, 2),
(50, 100, 5), (16, 100, 1);


delete from OrderDetails



INSERT INTO Returns (Return_ID, Order_ID, Pro_ID, Return_Date, Quantity, Reason) VALUES
(1, 5, 98, '2023-01-15', 1, 'Product damaged'),
(2, 12, 41, '2023-02-02', 1, 'Wrong item shipped'),
(3, 23, 25, '2023-02-14', 1, 'Changed mind'),
(4, 37, 35, '2023-03-05', 1, 'Product not as described'),
(5, 42, 33, '2023-03-18', 1, 'Received duplicate item'),
(6, 58, 12, '2023-04-01', 1, 'Defective product'),
(7, 64, 12, '2023-04-22', 1, 'No longer needed'),
(8, 72, 30, '2023-05-10', 1, 'Wrong size'),
(9, 85, 20, '2023-05-29', 1, 'Arrived too late'),
(10, 99, 33, '2023-06-15', 1, 'Found better price elsewhere');


delete from Returns

INSERT INTO Payments (Payment_ID, Order_ID, Payment_Method, Amount, Payment_Date) VALUES
(1, 1, 'Credit Card', 125.50, '2023-01-01'),
(2, 2, 'Credit Card', 89.99, '2023-01-02'),
(3, 3, 'InstaPay', 210.25, '2023-01-03'),
(4, 4, 'Credit Card', 75.40, '2023-01-04'),
(5, 5, 'Cash', 150.00, '2023-01-05'),
(6, 6, 'Credit Card', 95.75, '2023-01-06'),
(7, 7, 'Credit Card', 320.60, '2023-01-07'),
(8, 8, 'InstaPay', 180.30, '2023-01-08'),
(9, 9, 'Credit Card', 65.90, '2023-01-09'),
(10, 10, 'InstaPay', 275.45, '2023-01-10'),
(11, 11, 'Credit Card', 142.80, '2023-01-11'),
(12, 12, 'Credit Card', 88.25, '2023-01-12'),
(13, 13, 'Credit Card', 210.00, '2023-01-13'),
(14, 14, 'Cash', 175.50, '2023-01-14'),
(15, 15, 'Credit Card', 92.30, '2023-01-15'),
(16, 16, 'InstaPay', 305.75, '2023-01-16'),
(17, 17, 'Credit Card', 118.40, '2023-01-17'),
(18, 18, 'Credit Card', 240.60, '2023-01-18'),
(19, 19, 'InstaPay', 85.90, '2023-01-19'),
(20, 20, 'Credit Card', 195.25, '2023-01-20'),
(21, 21, 'Credit Card', 132.75, '2023-01-21'),
(22, 22, 'Credit Card', 78.40, '2023-01-22'),
(23, 23, 'InstaPay', 225.00, '2023-01-23'),
(24, 24, 'Credit Card', 160.50, '2023-01-24'),
(25, 25, 'Cash', 95.80, '2023-01-25'),
(26, 26, 'Credit Card', 280.35, '2023-01-26'),
(27, 27, 'Credit Card', 112.90, '2023-01-27'),
(28, 28, 'InstaPay', 198.75, '2023-01-28'),
(29, 29, 'Credit Card', 72.40, '2023-01-29'),
(30, 30, 'InstaPay', 310.20, '2023-01-30'),
(31, 31, 'Credit Card', 145.65, '2023-01-31'),
(32, 32, 'Credit Card', 82.90, '2023-02-01'),
(33, 33, 'Cash', 230.50, '2023-02-02'),
(34, 34, 'Credit Card', 168.75, '2023-02-03'),
(35, 35, 'Credit Card', 105.40, '2023-02-04'),
(36, 36, 'InstaPay', 295.80, '2023-02-05'),
(37, 37, 'Credit Card', 128.25, '2023-02-06'),
(38, 38, 'InstaPay', 205.90, '2023-02-07'),
(39, 39, 'Credit Card', 78.50, '2023-02-08'),
(40, 40, 'Credit Card', 185.75, '2023-02-09'),
(41, 41, 'Cash', 135.20, '2023-02-10'),
(42, 42, 'Credit Card', 92.85, '2023-02-11'),
(43, 43, 'InstaPay', 265.40, '2023-02-12'),
(44, 44, 'Credit Card', 118.90, '2023-02-13'),
(45, 45, 'Credit Card', 215.25, '2023-02-14'),
(46, 46, 'InstaPay', 95.60, '2023-02-15'),
(47, 47, 'Credit Card', 172.75, '2023-02-16'),
(48, 48, 'Credit Card', 85.40, '2023-02-17'),
(49, 49, 'InstaPay', 310.90, '2023-02-18'),
(50, 50, 'Credit Card', 125.25, '2023-02-19'),
(51, 51, 'Cash', 198.50, '2023-02-20'),
(52, 52, 'Credit Card', 112.85, '2023-02-21'),
(53, 53, 'Credit Card', 245.40, '2023-02-22'),
(54, 54, 'InstaPay', 88.90, '2023-02-23'),
(55, 55, 'Credit Card', 165.75, '2023-02-24'),
(56, 56, 'InstaPay', 102.20, '2023-02-25'),
(57, 57, 'Credit Card', 280.65, '2023-02-26'),
(58, 58, 'Credit Card', 135.90, '2023-02-27'),
(59, 59, 'Cash', 225.25, '2023-02-28'),
(60, 60, 'Credit Card', 92.50, '2023-03-01'),
(61, 61, 'Credit Card', 195.85, '2023-03-02'),
(62, 62, 'InstaPay', 118.40, '2023-03-03'),
(63, 63, 'Credit Card', 275.90, '2023-03-04'),
(64, 64, 'InstaPay', 145.25, '2023-03-05'),
(65, 65, 'Credit Card', 82.60, '2023-03-06'),
(66, 66, 'Credit Card', 210.75, '2023-03-07'),
(67, 67, 'Cash', 168.90, '2023-03-08'),
(68, 68, 'Credit Card', 105.40, '2023-03-09'),
(69, 69, 'InstaPay', 295.25, '2023-03-10'),
(70, 70, 'Credit Card', 128.80, '2023-03-11'),
(71, 71, 'Credit Card', 205.50, '2023-03-12'),
(72, 72, 'InstaPay', 78.95, '2023-03-13'),
(73, 73, 'Credit Card', 185.20, '2023-03-14'),
(74, 74, 'Credit Card', 135.65, '2023-03-15'),
(75, 75, 'InstaPay', 92.90, '2023-03-16'),
(76, 76, 'Credit Card', 265.25, '2023-03-17'),
(77, 77, 'Cash', 118.60, '2023-03-18'),
(78, 78, 'Credit Card', 215.95, '2023-03-19'),
(79, 79, 'Credit Card', 95.30, '2023-03-20'),
(80, 80, 'InstaPay', 172.85, '2023-03-21'),
(81, 81, 'Credit Card', 85.40, '2023-03-22'),
(82, 82, 'InstaPay', 310.25, '2023-03-23'),
(83, 83, 'Credit Card', 125.90, '2023-03-24'),
(84, 84, 'Credit Card', 198.55, '2023-03-25'),
(85, 85, 'Cash', 112.20, '2023-03-26'),
(86, 86, 'Credit Card', 245.85, '2023-03-27'),
(87, 87, 'InstaPay', 88.40, '2023-03-28'),
(88, 88, 'Credit Card', 165.95, '2023-03-29'),
(89, 89, 'Credit Card', 102.50, '2023-03-30'),
(90, 90, 'InstaPay', 280.25, '2023-03-31'),
(91, 91, 'Credit Card', 135.80, '2023-04-01'),
(92, 92, 'Credit Card', 225.45, '2023-04-02'),
(93, 93, 'Cash', 92.90, '2023-04-03'),
(94, 94, 'Credit Card', 195.35, '2023-04-04'),
(95, 95, 'InstaPay', 118.80, '2023-04-05'),
(96, 96, 'Credit Card', 275.45, '2023-04-06'),
(97, 97, 'Credit Card', 145.90, '2023-04-07'),
(98, 98, 'InstaPay', 82.25, '2023-04-08'),
(99, 99, 'Credit Card', 210.80, '2023-04-09'),
(100, 100, 'Credit Card', 168.95, '2023-04-10');


delete from Payments



INSERT INTO Stock (Pro_ID, Branch_ID, Quantity) VALUES

(12, 1, 45), (55, 1, 30), (103, 1, 25), (7, 1, 50), (38, 1, 35),
(91, 1, 40), (45, 1, 60), (87, 1, 20), (150, 1, 30), (180, 1, 55),
(33, 1, 25), (98, 1, 40), (44, 1, 50), (25, 1, 35), (67, 1, 45),
(88, 1, 30), (154, 1, 60), (5, 1, 40),

(2, 2, 50), (9, 2, 35), (37, 2, 40), (66, 2, 25), (41, 2, 60),
(17, 2, 45), (3, 2, 30), (89, 2, 50), (122, 2, 35), (54, 2, 40),
(77, 2, 25), (110, 2, 60), (34, 2, 45), (140, 2, 30), (21, 2, 50),
(92, 2, 35), (131, 2, 40), (47, 2, 25),


(68, 3, 60), (79, 3, 45), (16, 3, 30), (84, 3, 50), (113, 3, 35),
(29, 3, 40), (134, 3, 25), (81, 3, 60), (59, 3, 45), (20, 3, 30),
(42, 3, 50), (101, 3, 35), (28, 3, 40), (90, 3, 25), (40, 3, 60),
(53, 3, 45), (19, 3, 30), (105, 3, 50),

(8, 4, 35), (96, 4, 40), (13, 4, 25), (49, 4, 60), (35, 4, 45),
(61, 4, 30), (82, 4, 50), (10, 4, 35), (22, 4, 40), (75, 4, 25),
(60, 4, 60), (14, 4, 45), (71, 4, 30), (18, 4, 50), (99, 4, 35),
(26, 4, 40), (102, 4, 25), (83, 4, 60),

(27, 5, 45), (43, 5, 30), (76, 5, 50), (51, 5, 35), (6, 5, 40),
(97, 5, 25), (72, 5, 60), (62, 5, 45), (48, 5, 30), (130, 5, 50),
(56, 5, 35), (69, 5, 40), (30, 5, 25), (86, 5, 60), (100, 5, 45),
(58, 5, 30), (32, 5, 50), (135, 5, 35),


(11, 6, 40), (24, 6, 25), (46, 6, 60), (70, 6, 45), (94, 6, 30),
(118, 6, 50), (142, 6, 35), (166, 6, 40), (15, 6, 25), (39, 6, 60),
(63, 6, 45), (107, 6, 30), (151, 6, 50), (175, 6, 35), (23, 6, 40),
(57, 6, 25), (109, 6, 60), (153, 6, 45),


(4, 7, 30), (31, 7, 50), (58, 7, 35), (85, 7, 40), (112, 7, 25),
(139, 7, 60), (166, 7, 45), (17, 7, 30), (50, 7, 50), (83, 7, 35),
(116, 7, 40), (149, 7, 25), (176, 7, 60), (36, 7, 45), (73, 7, 30),
(110, 7, 50), (147, 7, 35), (180, 7, 40),

(1, 8, 25), (32, 8, 60), (65, 8, 45), (98, 8, 30), (131, 8, 50),
(164, 8, 35), (19, 8, 40), (52, 8, 25), (117, 8, 60), (150, 8, 45),
(29, 8, 30), (74, 8, 50), (127, 8, 35), (160, 8, 40), (37, 8, 25),
(104, 8, 60), (137, 8, 45), (170, 8, 30),

(9, 9, 50), (42, 9, 35), (75, 9, 40), (108, 9, 25), (141, 9, 60),
(174, 9, 45), (21, 9, 30), (64, 9, 50), (119, 9, 35), (152, 9, 40),
(33, 9, 25), (86, 9, 60), (139, 9, 45), (172, 9, 30), (47, 9, 50),
(100, 9, 35), (153, 9, 40), (176, 9, 25),


(6, 10, 60), (39, 10, 45), (72, 10, 30), (105, 10, 50), (138, 10, 35),
(171, 10, 40), (18, 10, 25), (61, 10, 60), (124, 10, 45), (157, 10, 30),
(30, 10, 50), (83, 10, 35), (136, 10, 40), (169, 10, 25), (48, 10, 60),
(101, 10, 45), (154, 10, 30), (177, 10, 50);




insert into Orders(Payment_Method)
values
('Visa'),
('Visa'),
('InstaPay'),
('Visa'),
('Cash'),
('Visa'),
('Visa'),
('InstaPay'),
('Visa'),
('InstaPay'),
('Visa'),
('Visa'),
('Visa'),
('Cash'),
('Visa'),
('InstaPay'),
('Visa'),
('Visa'),
('InstaPay'),
('Visa'),
('Visa'),
('Visa'),
('InstaPay'),
('Visa'),
('Cash'),
('Visa'),
('Visa'),
('InstaPay'),
('Visa'),
('InstaPay'),
('Visa'),
('Visa'),
('Cash'),
('Visa'),
('Visa'),
('InstaPay'),
('Visa'),
('InstaPay'),
('Visa'),
('Visa'),
('Cash'),
('Visa'),
('InstaPay'),
('Visa'),
('Visa'),
('InstaPay'),
('Visa'),
('Visa'),
('InstaPay'),
('Visa'),
('Cash'),
('Visa'),
('Visa'),
('InstaPay'),
('Visa'),
('InstaPay'),
('Visa'),
('Visa'),
('Cash'),
('Visa'),
('Visa'),
('InstaPay'),
('Visa'),
('InstaPay'),
('Visa'),
('Visa'),
('Cash'),
('Visa'),
('InstaPay'),
('Visa'),
('Visa'),
('InstaPay'),
('Visa'),
('Visa'),
('InstaPay'),
('Visa'),
('Cash'),
('Visa'),
('InstaPay'),
('Visa'),
('Visa'),
('InstaPay'),
('Visa'),
('Visa'),
('InstaPay'),
('Visa'),
('Cash'),
('Visa'),
('InstaPay'),
('Visa'),
('Visa'),
('InstaPay'),
('Visa'),
('Visa'),
('InstaPay'),
('Visa'),
('Visa');